Date,Open,High,Low,Close,Volume,Market Cap
2020-12-12,2.08,2.16,2.08,2.13,115337158.0,1607667676.0
2020-12-11,2.11,2.11,2.05,2.08,132572049.0,1567760339.0
2020-12-10,2.17,2.18,2.08,2.11,116436665.0,1586356261.0
2020-12-09,2.15,2.2,2.05,2.17,195559316.0,1636139806.0
2020-12-08,2.28,2.36,2.11,2.15,201313793.0,1619735861.0
2020-12-07,2.33,2.33,2.23,2.28,141701563.0,1714502307.0
2020-12-06,2.32,2.34,2.26,2.33,147506850.0,1750066452.0
2020-12-05,2.28,2.33,2.25,2.32,145917728.0,1747283887.0
2020-12-04,2.41,2.43,2.23,2.28,186363130.0,1718747221.0
2020-12-03,2.39,2.45,2.38,2.41,156763160.0,1810537217.0
2020-12-02,2.33,2.41,2.3,2.39,191946336.0,1797166369.0
2020-12-01,2.48,2.55,2.25,2.33,307228805.0,1751725953.0
2020-11-30,2.36,2.53,2.34,2.48,250350582.0,1864425966.0
2020-11-29,2.32,2.43,2.29,2.36,206799141.0,1774575601.0
2020-11-28,2.25,2.43,2.22,2.32,231667778.0,1747260381.0
2020-11-27,2.25,2.34,2.17,2.25,296100133.0,1692530721.0
2020-11-26,2.6,2.66,2.11,2.25,566448836.0,1687573053.0
2020-11-25,2.67,2.94,2.5,2.6,499346438.0,1955225183.0
2020-11-24,2.62,2.82,2.5,2.66,524332878.0,2001485994.0
2020-11-23,2.27,2.65,2.27,2.62,435424500.0,1967422465.0
2020-11-22,2.37,2.43,2.18,2.27,352241350.0,1704073184.0
2020-11-21,2.1,2.38,2.06,2.37,476186263.0,1781144215.0
2020-11-20,2.08,2.15,2.07,2.1,219284140.0,1579993559.0
2020-11-19,2.09,2.14,2.02,2.08,156018269.0,1560359742.0
2020-11-18,2.14,2.18,2.02,2.09,209844569.0,1565733768.0
2020-11-17,2.11,2.15,2.09,2.14,190495116.0,1607314741.0
2020-11-16,2.02,2.09,2.0,2.08,159031187.0,1561965990.0
2020-11-15,2.1,2.11,1.98,2.02,156096826.0,1514960761.0
2020-11-14,2.15,2.16,2.05,2.1,139185341.0,1575328727.0
2020-11-13,2.07,2.15,2.07,2.15,148816436.0,1612924438.0
2020-11-12,2.12,2.15,2.05,2.07,170321242.0,1554150775.0
2020-11-11,2.15,2.2,2.11,2.12,161219993.0,1590685558.0
2020-11-10,2.09,2.18,2.09,2.15,172863002.0,1610994723.0
2020-11-09,2.09,2.15,2.03,2.09,159050815.0,1567358933.0
2020-11-08,2.02,2.15,1.99,2.09,183442702.0,1564259619.0
2020-11-07,2.09,2.2,1.96,2.02,309422432.0,1514334167.0
2020-11-06,1.88,2.09,1.88,2.09,289623872.0,1563183736.0
2020-11-05,1.88,1.97,1.82,1.88,206184471.0,1409785090.0
2020-11-04,1.87,1.9,1.79,1.88,161150029.0,1405216876.0
2020-11-03,1.9,1.91,1.81,1.87,138243206.0,1399013941.0
2020-11-02,1.99,2.06,1.89,1.9,132681107.0,1419933297.0
2020-11-01,1.98,2.0,1.93,1.99,107373599.0,1486194807.0
2020-10-31,1.9,2.02,1.89,1.98,140233229.0,1478954426.0
2020-10-30,1.93,1.96,1.8,1.9,157440828.0,1424551481.0
2020-10-29,2.0,2.05,1.9,1.93,136062646.0,1446793397.0
2020-10-28,2.08,2.11,1.95,2.0,170322091.0,1499507430.0
2020-10-27,2.1,2.13,2.07,2.08,176862175.0,1559233342.0
2020-10-26,2.17,2.18,2.07,2.1,159222736.0,1568145138.0
2020-10-25,2.22,2.25,2.16,2.17,135658210.0,1620868811.0
2020-10-24,2.22,2.24,2.2,2.22,112253296.0,1659011126.0
2020-10-23,2.19,2.26,2.17,2.22,161298188.0,1659668422.0
2020-10-22,2.13,2.24,2.13,2.19,180907444.0,1634702468.0
2020-10-21,2.06,2.17,2.06,2.13,189646507.0,1594134636.0
2020-10-20,2.23,2.23,2.05,2.06,187660266.0,1535769161.0
2020-10-19,2.3,2.31,2.22,2.23,141524936.0,1668857670.0
2020-10-18,2.26,2.32,2.26,2.3,91695525.0,1720108225.0
2020-10-17,2.22,2.28,2.2,2.26,92317282.0,1689636421.0
2020-10-16,2.28,2.32,2.21,2.21,131137575.0,1653557140.0
2020-10-15,2.31,2.34,2.25,2.28,136451969.0,1701631347.0
2020-10-14,2.42,2.44,2.27,2.32,171394350.0,1730019851.0
2020-10-13,2.37,2.47,2.35,2.41,197099146.0,1802592895.0
2020-10-12,2.29,2.4,2.27,2.37,185141056.0,1769916648.0
2020-10-11,2.24,2.35,2.23,2.29,152221236.0,1707199443.0
2020-10-10,2.23,2.31,2.23,2.25,167114271.0,1677088794.0
2020-10-09,2.11,2.26,2.08,2.23,170682014.0,1665754464.0
2020-10-08,2.07,2.18,2.02,2.11,140139772.0,1573422067.0
2020-10-07,2.06,2.12,2.04,2.07,131918701.0,1540257553.0
2020-10-06,2.21,2.28,2.04,2.07,161247536.0,1540625619.0
2020-10-05,2.12,2.23,2.09,2.21,102727021.0,1651186799.0
2020-10-04,2.12,2.22,2.09,2.11,101374221.0,1575068865.0
2020-10-03,2.09,2.21,2.08,2.12,95401488.0,1576867279.0
2020-10-02,2.23,2.24,2.03,2.09,155092007.0,1558932593.0
2020-10-01,2.25,2.33,2.18,2.23,147412387.0,1658182157.0
2020-09-30,2.27,2.28,2.18,2.24,123717171.0,1671980683.0
2020-09-29,2.28,2.31,2.19,2.27,128968792.0,1692210150.0
2020-09-28,2.23,2.37,2.23,2.29,151003112.0,1703942317.0
2020-09-27,2.22,2.26,2.11,2.23,117304429.0,1657119140.0
2020-09-26,2.24,2.27,2.18,2.22,126211805.0,1650890507.0
2020-09-25,2.19,2.31,2.11,2.24,143229061.0,1668737677.0
2020-09-24,1.96,2.2,1.94,2.19,149236469.0,1627248052.0
2020-09-23,2.11,2.18,1.93,1.96,167060724.0,1455301958.0
2020-09-22,1.98,2.18,1.97,2.12,163015986.0,1575532830.0
2020-09-21,2.22,2.27,1.94,1.99,238763507.0,1477509783.0
2020-09-20,2.35,2.41,2.17,2.22,156962844.0,1652940927.0
2020-09-19,2.41,2.41,2.29,2.34,148653832.0,1743502606.0
2020-09-18,2.49,2.53,2.36,2.41,153137960.0,1788682266.0
2020-09-17,2.49,2.56,2.46,2.49,155785199.0,1852771676.0
2020-09-16,2.52,2.55,2.44,2.49,187246376.0,1852958934.0
2020-09-15,2.63,2.68,2.52,2.52,196681904.0,1873968595.0
2020-09-14,2.62,2.7,2.55,2.63,181332731.0,1954124707.0
2020-09-13,2.61,2.74,2.55,2.62,230732356.0,1947010278.0
2020-09-12,2.57,2.64,2.52,2.61,172731455.0,1940053907.0
2020-09-11,2.58,2.63,2.48,2.57,187683931.0,1910862197.0
2020-09-10,2.54,2.67,2.54,2.58,200173000.0,1918881564.0
2020-09-09,2.51,2.61,2.43,2.55,184328871.0,1890049649.0
2020-09-08,2.56,2.65,2.44,2.51,237521903.0,1864429339.0
2020-09-07,2.57,2.6,2.39,2.56,237979550.0,1903030440.0
2020-09-06,2.48,2.63,2.37,2.57,256282107.0,1904959110.0
2020-09-05,2.76,2.83,2.36,2.48,369123395.0,1842523753.0
2020-09-04,2.59,2.84,2.5,2.76,295571097.0,2045037849.0
2020-09-03,3.13,3.13,2.51,2.58,294580604.0,1917626502.0
2020-09-02,3.44,3.46,2.98,3.13,272620179.0,2325089108.0
2020-09-01,3.26,3.5,3.19,3.44,213344459.0,2552875529.0
2020-08-31,3.38,3.46,3.26,3.26,153954445.0,2414977637.0
2020-08-30,3.36,3.42,3.33,3.38,157757544.0,2507624668.0
2020-08-29,3.26,3.42,3.2,3.36,167076368.0,2491027678.0
2020-08-28,3.2,3.31,3.14,3.26,157445156.0,2417211297.0
2020-08-27,3.37,3.41,3.11,3.21,236563338.0,2376041947.0
2020-08-26,3.45,3.5,3.31,3.38,204399531.0,2502048859.0
2020-08-25,3.68,3.7,3.32,3.45,249600095.0,2553558621.0
2020-08-24,3.52,3.79,3.46,3.69,233005843.0,2731680315.0
2020-08-23,3.58,3.61,3.38,3.52,172850688.0,2608955404.0
2020-08-22,3.39,3.6,3.29,3.58,229620599.0,2650591677.0
2020-08-21,3.86,3.9,3.35,3.39,287391404.0,2512041449.0
2020-08-20,3.64,3.92,3.51,3.85,305749013.0,2854071600.0
2020-08-19,3.83,3.91,3.52,3.63,381949536.0,2690988842.0
2020-08-18,4.03,4.14,3.75,3.83,260614843.0,2837079406.0
2020-08-17,4.24,4.25,4.02,4.03,229654914.0,2985609883.0
2020-08-16,4.08,4.36,4.03,4.24,284937976.0,3136665703.0
2020-08-15,4.09,4.3,3.93,4.08,338468043.0,3018435870.0
2020-08-14,4.17,4.28,4.01,4.1,278165303.0,3030882186.0
2020-08-13,4.41,4.48,4.03,4.18,457809394.0,3088171368.0
2020-08-12,4.01,4.46,3.67,4.41,542700999.0,3259030435.0
2020-08-11,4.28,4.41,3.81,4.01,546232328.0,2966162407.0
2020-08-10,3.7,4.27,3.57,4.27,525009907.0,3157360070.0
2020-08-09,3.37,3.77,3.29,3.68,342620805.0,2723508485.0
2020-08-08,3.07,3.48,3.03,3.38,225885661.0,2498021118.0
2020-08-07,3.23,3.28,2.98,3.07,213195512.0,2270301149.0
2020-08-06,3.11,3.37,3.09,3.22,208842704.0,2382847750.0
2020-08-05,3.23,3.25,3.09,3.12,161304037.0,2301953669.0
2020-08-04,3.06,3.29,3.06,3.23,284036870.0,2385473485.0
2020-08-03,2.88,3.06,2.84,3.06,190598020.0,2257445350.0
2020-08-02,3.03,3.12,2.79,2.88,249982954.0,2124910456.0
2020-08-01,2.84,3.05,2.83,3.03,172314235.0,2236281911.0
2020-07-31,2.81,2.9,2.79,2.84,109436571.0,2096447837.0
2020-07-30,2.78,2.85,2.74,2.81,102353935.0,2074553142.0
2020-07-29,2.83,2.94,2.76,2.79,135216954.0,2056179852.0
2020-07-28,2.82,2.89,2.75,2.83,158332704.0,2091226704.0
2020-07-27,2.98,2.98,2.67,2.82,267560520.0,2079765797.0
2020-07-26,3.06,3.1,2.96,2.98,153418589.0,2199951159.0
2020-07-25,3.03,3.11,3.02,3.06,128872045.0,2254569238.0
2020-07-24,3.17,3.19,3.01,3.03,144067871.0,2235309954.0
2020-07-23,3.08,3.22,3.04,3.17,170069172.0,2335347548.0
2020-07-22,3.02,3.09,2.92,3.08,126518487.0,2273480810.0
2020-07-21,2.77,3.05,2.75,3.02,155225484.0,2222645810.0
2020-07-20,2.98,2.98,2.76,2.77,131836409.0,2040725943.0
2020-07-19,3.01,3.04,2.9,2.98,122426954.0,2192784634.0
2020-07-18,3.17,3.17,2.97,3.01,164183772.0,2214895986.0
2020-07-17,3.09,3.21,3.02,3.17,186924039.0,2336330742.0
2020-07-16,3.2,3.3,2.97,3.09,380406590.0,2278007820.0
2020-07-15,2.96,3.2,2.86,3.2,300281072.0,2356032207.0
2020-07-14,2.9,3.04,2.69,2.96,251503669.0,2178433656.0
2020-07-13,2.81,3.15,2.78,2.9,411310595.0,2135346789.0
2020-07-12,2.69,2.83,2.6,2.81,173178789.0,2070061599.0
2020-07-11,2.54,2.72,2.52,2.69,147502448.0,1976677656.0
2020-07-10,2.54,2.58,2.42,2.54,96190047.0,1866768813.0
2020-07-09,2.65,2.65,2.48,2.54,115332454.0,1865324705.0
2020-07-08,2.51,2.68,2.49,2.65,126531532.0,1947284385.0
2020-07-07,2.44,2.58,2.41,2.51,116457681.0,1844397880.0
2020-07-06,2.28,2.45,2.27,2.44,89838422.0,1791442397.0
2020-07-05,2.32,2.34,2.24,2.28,62053180.0,1679994711.0
2020-07-04,2.28,2.35,2.27,2.33,55791860.0,1710179089.0
2020-07-03,2.36,2.36,2.28,2.28,63783458.0,1675073109.0
2020-07-02,2.4,2.4,2.3,2.36,61680738.0,1732667491.0
2020-07-01,2.36,2.45,2.34,2.4,66019108.0,1762587430.0
2020-06-30,2.41,2.42,2.36,2.36,59282212.0,1734145161.0
2020-06-29,2.37,2.44,2.35,2.41,70431090.0,1773646780.0
2020-06-28,2.33,2.44,2.3,2.37,77570461.0,1742583007.0
2020-06-27,2.48,2.5,2.29,2.33,97311609.0,1709693755.0
2020-06-26,2.58,2.58,2.46,2.48,117403819.0,1822186683.0
2020-06-25,2.63,2.63,2.55,2.59,96155213.0,1898125906.0
2020-06-24,2.79,2.86,2.59,2.63,123144383.0,1929470784.0
2020-06-23,2.67,2.79,2.62,2.78,124142617.0,2043807520.0
2020-06-22,2.59,2.69,2.58,2.67,86427173.0,1962129981.0
2020-06-21,2.61,2.63,2.58,2.59,70563395.0,1898245316.0
2020-06-20,2.61,2.66,2.56,2.61,91712777.0,1913571996.0
2020-06-19,2.67,2.71,2.61,2.61,109421476.0,1915918065.0
2020-06-18,2.68,2.75,2.57,2.67,134651482.0,1956963705.0
2020-06-17,2.61,2.69,2.56,2.68,91846757.0,1962926847.0
2020-06-16,2.63,2.66,2.58,2.61,84311702.0,1914982157.0
2020-06-15,2.6,2.68,2.45,2.63,112822537.0,1927691706.0
2020-06-14,2.7,2.7,2.58,2.6,79164821.0,1904813417.0
2020-06-13,2.67,2.72,2.65,2.7,77595251.0,1975346677.0
2020-06-12,2.62,2.75,2.6,2.67,105415375.0,1955368452.0
2020-06-11,2.89,2.91,2.56,2.62,120669171.0,1922052080.0
2020-06-10,2.91,2.92,2.87,2.89,81680807.0,2114860000.0
2020-06-09,2.94,2.95,2.88,2.91,79075416.0,2129187183.0
2020-06-08,2.89,2.95,2.87,2.94,66821735.0,2152495514.0
2020-06-07,2.92,2.93,2.82,2.89,76804197.0,2115782950.0
2020-06-06,2.94,2.97,2.91,2.92,61405619.0,2135627432.0
2020-06-05,3.0,3.02,2.93,2.94,82637386.0,2097779246.0
2020-06-04,3.03,3.08,2.92,3.0,106155906.0,2138357993.0
2020-06-03,2.89,3.07,2.85,3.04,108960936.0,2163364722.0
2020-06-02,2.96,3.11,2.79,2.89,157849384.0,2060398793.0
2020-06-01,2.8,2.99,2.78,2.96,122362523.0,2109096746.0
2020-05-31,2.92,2.94,2.77,2.8,101147210.0,1992319654.0
2020-05-30,2.88,2.95,2.82,2.92,119885539.0,2078507668.0
2020-05-29,2.82,2.9,2.81,2.88,98079547.0,2050692894.0
2020-05-28,2.71,2.85,2.68,2.82,85768622.0,2010221606.0
2020-05-27,2.69,2.76,2.68,2.71,79162252.0,1926898760.0
2020-05-26,2.73,2.75,2.66,2.68,82774026.0,1910973660.0
2020-05-25,2.66,2.74,2.64,2.73,89509988.0,1942097514.0
2020-05-24,2.76,2.82,2.67,2.67,94467860.0,1900845649.0
2020-05-23,2.8,2.82,2.73,2.76,89111444.0,1965971780.0
2020-05-22,2.64,2.84,2.61,2.8,119072716.0,1988524885.0
2020-05-21,2.81,2.84,2.59,2.64,110966271.0,1880406100.0
2020-05-20,2.81,2.89,2.75,2.81,131916699.0,1999087333.0
2020-05-19,2.75,2.83,2.65,2.81,126136972.0,1999298279.0
2020-05-18,2.62,2.76,2.62,2.75,133052170.0,1955341433.0
2020-05-17,2.63,2.69,2.61,2.62,122058935.0,1864777719.0
2020-05-16,2.49,2.65,2.47,2.63,119251093.0,1866906997.0
2020-05-15,2.54,2.54,2.45,2.49,114228679.0,1769739897.0
2020-05-14,2.55,2.59,2.5,2.54,135748700.0,1802909922.0
2020-05-13,2.5,2.58,2.5,2.56,116532574.0,1818090381.0
2020-05-12,2.43,2.57,2.39,2.5,146311229.0,1778555688.0
2020-05-11,2.56,2.58,2.32,2.43,203768691.0,1728353589.0
2020-05-10,2.83,2.83,2.4,2.55,205818989.0,1812470794.0
2020-05-09,2.76,2.94,2.74,2.83,176778232.0,2008543158.0
2020-05-08,2.76,2.83,2.7,2.76,160038600.0,1962080048.0
2020-05-07,2.71,2.82,2.67,2.76,217885578.0,1957599381.0
2020-05-06,2.74,2.81,2.7,2.7,184139715.0,1919159146.0
2020-05-05,2.78,2.83,2.71,2.75,212462618.0,1947643904.0
2020-05-04,2.74,2.84,2.62,2.79,288377672.0,1976451108.0
2020-05-03,2.84,2.88,2.71,2.74,226856167.0,1944016244.0
2020-05-02,2.81,2.87,2.79,2.83,237435344.0,2008681666.0
2020-05-01,2.76,2.95,2.76,2.81,312045671.0,1994930397.0
2020-04-30,2.95,3.03,2.72,2.76,375310706.0,1957055600.0
2020-04-29,2.76,2.99,2.75,2.95,371858523.0,2090885195.0
2020-04-28,2.75,2.81,2.68,2.75,274470494.0,1951987758.0
2020-04-27,2.77,2.79,2.57,2.75,298567833.0,1947997471.0
2020-04-26,2.87,2.87,2.74,2.77,270441861.0,1958813041.0
2020-04-25,2.73,2.87,2.67,2.87,296143370.0,2031305380.0
2020-04-24,2.48,2.77,2.48,2.73,348033801.0,1931603280.0
2020-04-23,2.33,2.54,2.32,2.48,275392937.0,1753609397.0
2020-04-22,2.16,2.34,2.15,2.33,201206428.0,1649727728.0
2020-04-21,2.14,2.21,2.1,2.16,205982611.0,1527458320.0
2020-04-20,2.26,2.36,2.08,2.14,255506819.0,1512920062.0
2020-04-19,2.33,2.37,2.25,2.27,209379819.0,1602764732.0
2020-04-18,2.1,2.37,2.1,2.33,226409663.0,1647317078.0
2020-04-17,2.1,2.15,2.08,2.1,189233579.0,1487405266.0
2020-04-16,1.9,2.13,1.86,2.1,203937506.0,1486474512.0
2020-04-15,1.94,1.98,1.89,1.9,138456299.0,1344558413.0
2020-04-14,1.94,1.99,1.91,1.94,104969601.0,1370525105.0
2020-04-13,2.02,2.02,1.9,1.94,147229836.0,1368099822.0
2020-04-12,1.97,2.05,1.9,2.01,168443129.0,1423197305.0
2020-04-11,1.9,2.03,1.9,1.97,177215789.0,1389145613.0
2020-04-10,2.11,2.12,1.84,1.9,204404587.0,1344748315.0
2020-04-09,2.14,2.17,2.01,2.11,186512000.0,1489476140.0
2020-04-08,1.96,2.17,1.93,2.14,186150663.0,1506940779.0
2020-04-07,1.89,2.09,1.88,1.96,256734050.0,1379775255.0
2020-04-06,1.67,1.89,1.67,1.89,153603651.0,1329358304.0
2020-04-05,1.7,1.71,1.67,1.67,68278984.0,1177969543.0
2020-04-04,1.68,1.72,1.66,1.7,90291105.0,1200417773.0
2020-04-03,1.67,1.78,1.66,1.68,118348908.0,1183772589.0
2020-04-02,1.61,1.77,1.6,1.67,142884331.0,1177884248.0
2020-04-01,1.62,1.62,1.53,1.62,93197406.0,1138995986.0
2020-03-31,1.62,1.63,1.55,1.62,79412007.0,1138632447.0
2020-03-30,1.48,1.65,1.47,1.62,94003636.0,1140159638.0
2020-03-29,1.56,1.58,1.48,1.48,70247678.0,1043564077.0
2020-03-28,1.61,1.61,1.52,1.56,103065065.0,1103112412.0
2020-03-27,1.75,1.77,1.61,1.61,81714415.0,1133285268.0
2020-03-26,1.71,1.75,1.71,1.75,76416083.0,1235858843.0
2020-03-25,1.76,1.77,1.67,1.71,139897058.0,1207060473.0
2020-03-24,1.67,1.78,1.63,1.76,151312779.0,1239999450.0
2020-03-23,1.47,1.67,1.47,1.67,149247979.0,1174056885.0
2020-03-22,1.65,1.71,1.47,1.47,113589399.0,1038511561.0
2020-03-21,1.68,1.73,1.6,1.65,140158723.0,1161409899.0
2020-03-20,1.64,1.87,1.53,1.67,212099168.0,1179705412.0
2020-03-19,1.36,1.73,1.35,1.64,185980500.0,1155815174.0
2020-03-18,1.34,1.39,1.3,1.36,119502566.0,959141135.0
2020-03-17,1.32,1.46,1.3,1.34,144569147.0,945552065.0
2020-03-16,1.54,1.54,1.16,1.31,200659558.0,924540707.0
2020-03-15,1.58,1.74,1.45,1.54,145388034.0,1086084386.0
2020-03-14,1.76,1.82,1.55,1.58,156652224.0,1108448981.0
2020-03-13,1.36,1.91,1.02,1.76,463259670.0,1235960872.0
2020-03-12,2.51,2.51,1.36,1.37,281543680.0,962437720.0
2020-03-11,2.59,2.67,2.31,2.51,154424606.0,1766196738.0
2020-03-10,2.54,2.74,2.49,2.59,180710670.0,1818367076.0
2020-03-09,2.59,2.66,2.28,2.52,229464249.0,1772988231.0
2020-03-08,2.99,2.99,2.6,2.6,199849912.0,1829363684.0
2020-03-07,3.16,3.25,2.99,2.99,152873891.0,2103907641.0
2020-03-06,3.08,3.22,3.04,3.16,159585774.0,2222048926.0
2020-03-05,3.05,3.3,3.04,3.09,267640744.0,2168737648.0
2020-03-04,2.76,3.04,2.74,3.04,190516348.0,2135580289.0
2020-03-03,2.78,2.82,2.66,2.76,122144148.0,1941765634.0
2020-03-02,2.62,2.87,2.56,2.78,149189528.0,1954591313.0
2020-03-01,2.75,2.83,2.59,2.62,118242324.0,1842690211.0
2020-02-29,2.76,2.99,2.75,2.76,148892177.0,1935866746.0
2020-02-28,2.79,2.91,2.65,2.76,165195647.0,1940671281.0
2020-02-27,2.77,2.98,2.57,2.8,275767947.0,1964176570.0
2020-02-26,2.8,2.97,2.54,2.77,308369404.0,1944957317.0
2020-02-25,3.18,3.18,2.73,2.82,220934560.0,1977735060.0
2020-02-24,3.51,3.52,2.99,3.18,243208712.0,2233408555.0
2020-02-23,3.31,3.57,3.31,3.51,201953498.0,2465440669.0
2020-02-22,3.49,3.52,3.25,3.31,200526802.0,2325451762.0
2020-02-21,3.61,3.74,3.4,3.49,198998663.0,2444935167.0
2020-02-20,3.56,3.87,3.48,3.61,276065341.0,2534807316.0
2020-02-19,3.44,3.92,3.35,3.56,266619604.0,2494966418.0
2020-02-18,3.15,3.52,3.1,3.45,203797553.0,2395788575.0
2020-02-17,3.25,3.25,2.77,3.15,236951007.0,2188241816.0
2020-02-16,3.19,3.29,2.8,3.25,227937928.0,2255211170.0
2020-02-15,3.47,3.53,3.04,3.18,194773545.0,2209226319.0
2020-02-14,3.12,3.54,3.05,3.47,206092809.0,2408769608.0
2020-02-13,3.32,3.35,2.95,3.12,243665848.0,2165340245.0
2020-02-12,2.9,3.61,2.9,3.32,334853757.0,2305240368.0
2020-02-11,2.62,2.93,2.56,2.9,144827946.0,2011451187.0
2020-02-10,2.64,2.74,2.48,2.62,154493519.0,1821850330.0
2020-02-09,2.29,2.74,2.28,2.64,196340341.0,1835944549.0
2020-02-08,2.19,2.31,2.03,2.29,93638903.0,1588433981.0
2020-02-07,2.16,2.25,2.16,2.19,93382410.0,1523249146.0
2020-02-06,2.14,2.25,2.12,2.16,100508449.0,1497009188.0
2020-02-05,1.92,2.22,1.91,2.14,111859155.0,1486335955.0
2020-02-04,2.0,2.03,1.89,1.92,88198795.0,1336199969.0
2020-02-03,1.91,2.1,1.87,2.0,112154610.0,1391386055.0
2020-02-02,1.74,1.98,1.7,1.91,83037458.0,1326090827.0
2020-02-01,1.66,1.74,1.65,1.74,37226254.0,1209947862.0
2020-01-31,1.68,1.72,1.65,1.66,49262411.0,1151165578.0
2020-01-30,1.57,1.7,1.56,1.68,54565714.0,1164729726.0
2020-01-29,1.55,1.68,1.54,1.57,51375642.0,1088132652.0
2020-01-28,1.53,1.57,1.5,1.55,47120502.0,1076031418.0
2020-01-27,1.52,1.54,1.49,1.53,44520219.0,1059238633.0
2020-01-26,1.5,1.53,1.47,1.52,43363397.0,1057063607.0
2020-01-25,1.52,1.52,1.47,1.5,44078895.0,1038410748.0
2020-01-24,1.56,1.57,1.5,1.52,48576603.0,1053322115.0
2020-01-23,1.59,1.62,1.5,1.55,65348600.0,1078286026.0
2020-01-22,1.54,1.64,1.53,1.59,47055144.0,1105004314.0
2020-01-21,1.59,1.61,1.5,1.53,51586798.0,1065444584.0
2020-01-20,1.42,1.59,1.41,1.59,60224151.0,1102454966.0
2020-01-19,1.49,1.52,1.37,1.42,46261834.0,987050590.0
2020-01-18,1.47,1.54,1.42,1.49,49645136.0,1033489226.0
2020-01-17,1.49,1.53,1.44,1.48,63542861.0,1024091459.0
2020-01-16,1.34,1.52,1.3,1.49,67302241.0,1037213520.0
2020-01-15,1.33,1.4,1.3,1.34,59355419.0,932175745.0
2020-01-14,1.28,1.36,1.27,1.33,53074477.0,924801443.0
2020-01-13,1.31,1.31,1.27,1.28,36870088.0,888218070.0
2020-01-12,1.31,1.32,1.3,1.31,30492207.0,909993423.0
2020-01-11,1.31,1.35,1.3,1.31,39100862.0,906142415.0
2020-01-10,1.29,1.33,1.26,1.31,41884562.0,906795252.0
2020-01-09,1.33,1.37,1.27,1.29,47676368.0,895458247.0
2020-01-08,1.3,1.4,1.27,1.33,49431499.0,925780956.0
2020-01-07,1.31,1.33,1.26,1.3,49139469.0,901265968.0
2020-01-06,1.26,1.34,1.26,1.31,43088423.0,906258204.0
2020-01-05,1.26,1.3,1.25,1.26,36629230.0,877159747.0
2020-01-04,1.28,1.3,1.23,1.26,38156086.0,876029669.0
2020-01-03,1.24,1.31,1.24,1.28,43721354.0,890109980.0
2020-01-02,1.37,1.38,1.23,1.24,37676355.0,861516905.0
2020-01-01,1.35,1.37,1.32,1.37,35642475.0,951188893.0
2019-12-31,1.33,1.4,1.31,1.35,42638601.0,938725945.0
2019-12-30,1.31,1.36,1.3,1.33,41116951.0,924752288.0
2019-12-29,1.33,1.36,1.29,1.31,45413699.0,911327054.0
2019-12-28,1.38,1.39,1.33,1.33,43957470.0,921074564.0
2019-12-27,1.37,1.41,1.36,1.38,38176059.0,960368527.0
2019-12-26,1.41,1.43,1.35,1.37,47649174.0,952053087.0
2019-12-25,1.5,1.5,1.4,1.41,40558090.0,981628328.0
2019-12-24,1.52,1.54,1.49,1.5,37812261.0,1038174056.0
2019-12-23,1.47,1.58,1.46,1.52,56083425.0,1054365471.0
2019-12-22,1.48,1.53,1.45,1.47,50459429.0,1018816410.0
2019-12-21,1.6,1.61,1.48,1.48,49226920.0,1026339209.0
2019-12-20,1.51,1.6,1.49,1.6,58433436.0,1110696671.0
2019-12-19,1.59,1.62,1.47,1.51,62825585.0,1051017023.0
2019-12-18,1.54,1.62,1.45,1.6,90681124.0,1107937773.0
2019-12-17,1.67,1.77,1.52,1.54,92967379.0,1017781983.0
2019-12-16,1.68,1.71,1.61,1.67,68707545.0,1104646482.0
2019-12-15,1.68,1.73,1.61,1.68,67968594.0,1108106235.0
2019-12-14,1.77,1.78,1.63,1.68,83605655.0,1111844946.0
2019-12-13,1.78,1.84,1.67,1.77,119493566.0,1167096419.0
2019-12-12,1.58,1.78,1.52,1.77,107780127.0,1168613654.0
2019-12-11,1.48,1.59,1.47,1.58,71607317.0,1040689360.0
2019-12-10,1.56,1.56,1.4,1.48,66319642.0,980371614.0
2019-12-09,1.61,1.66,1.54,1.56,63051414.0,1029562424.0
2019-12-08,1.45,1.62,1.45,1.61,67179436.0,1061776776.0
2019-12-07,1.38,1.47,1.37,1.45,49917913.0,955874241.0
2019-12-06,1.3,1.42,1.28,1.38,38711970.0,910458330.0
2019-12-05,1.25,1.33,1.24,1.3,32086367.0,858014128.0
2019-12-04,1.29,1.32,1.25,1.25,46048752.0,824588509.0
2019-12-03,1.24,1.32,1.21,1.29,41462224.0,853213342.0
2019-12-02,1.25,1.26,1.2,1.24,27574097.0,817872179.0
2019-12-01,1.33,1.34,1.25,1.25,24127567.0,828296390.0
2019-11-30,1.31,1.37,1.31,1.33,28706667.0,879181680.0
2019-11-29,1.28,1.34,1.28,1.31,32270224.0,867085098.0
2019-11-28,1.26,1.35,1.22,1.28,44240281.0,845073679.0
2019-11-27,1.24,1.27,1.16,1.26,47723271.0,829672736.0
2019-11-26,1.24,1.28,1.23,1.24,54828808.0,822065277.0
2019-11-25,1.33,1.33,1.21,1.24,64954006.0,815688075.0
2019-11-24,1.4,1.42,1.31,1.34,49206070.0,887731654.0
2019-11-23,1.22,1.42,1.22,1.39,123832790.0,920735790.0
2019-11-22,1.21,1.28,1.08,1.22,69312275.0,804427044.0
2019-11-21,1.21,1.29,1.18,1.21,53020027.0,800257863.0
2019-11-20,1.22,1.25,1.17,1.21,33605071.0,801174969.0
2019-11-19,1.23,1.25,1.15,1.22,35796763.0,805231584.0
2019-11-18,1.16,1.26,1.16,1.23,37602915.0,813744878.0
2019-11-17,1.16,1.18,1.15,1.16,22483167.0,767707353.0
2019-11-16,1.17,1.18,1.16,1.16,26689028.0,768303560.0
2019-11-15,1.22,1.26,1.15,1.17,32203363.0,773992543.0
2019-11-14,1.13,1.3,1.11,1.22,41978349.0,808582829.0
2019-11-13,1.17,1.17,1.12,1.13,23410839.0,746750215.0
2019-11-12,1.18,1.2,1.15,1.17,23591140.0,771905281.0
2019-11-11,1.23,1.24,1.17,1.18,25012739.0,776358941.0
2019-11-10,1.25,1.25,1.19,1.23,31134799.0,812505004.0
2019-11-09,1.17,1.26,1.15,1.24,34760712.0,819630519.0
2019-11-08,1.22,1.28,1.12,1.17,44195683.0,770094896.0
2019-11-07,1.02,1.44,1.02,1.22,92805360.0,805246128.0
2019-11-06,0.927547,1.05,0.902417,1.02,26095931.0,673756212.0
2019-11-05,0.891802,0.929289,0.877752,0.927137,13420498.0,612256490.0
2019-11-04,0.868023,0.907127,0.8646,0.891802,16511023.0,588922638.0
2019-11-03,0.865785,0.874167,0.848911,0.868879,11444717.0,573784519.0
2019-11-02,0.878443,0.886302,0.857435,0.865528,9944483.0,571571532.0
2019-11-01,0.889461,0.891029,0.863507,0.877941,12684201.0,579768933.0
2019-10-31,0.914068,0.924062,0.873981,0.890512,13120625.0,588070905.0
2019-10-30,0.878168,0.969414,0.774601,0.914079,23084998.0,603633344.0
2019-10-29,0.871995,0.917937,0.82545,0.878892,19713852.0,580397277.0
2019-10-28,0.879748,0.928777,0.768318,0.875315,24337121.0,578034790.0
2019-10-27,0.836378,0.890216,0.688631,0.875154,23186370.0,577928349.0
2019-10-26,0.833823,0.92603,0.818766,0.831994,20293463.0,549426804.0
2019-10-25,0.767532,0.842798,0.762231,0.834757,16862309.0,551251771.0
2019-10-24,0.761316,0.780364,0.754028,0.768243,14425427.0,507327662.0
2019-10-23,0.838904,0.839336,0.755143,0.761316,14131553.0,502752829.0
2019-10-22,0.870816,0.879914,0.833186,0.838575,11567380.0,553772790.0
2019-10-21,0.877297,0.889119,0.866837,0.871432,11434852.0,575470528.0
2019-10-20,0.86545,0.884321,0.861892,0.877438,9297806.0,579437174.0
2019-10-19,0.879461,0.890271,0.861758,0.865266,10127092.0,571399102.0
2019-10-18,0.895843,0.898314,0.869977,0.877796,10666948.0,579673087.0
2019-10-17,0.876521,0.899669,0.872991,0.895843,11185558.0,591591209.0
2019-10-16,0.909666,0.913004,0.861378,0.876968,12766002.0,579126752.0
2019-10-15,0.939501,0.961195,0.902323,0.907378,17300340.0,599208238.0
2019-10-14,0.903695,0.942667,0.897807,0.941266,16242661.0,621587341.0
2019-10-13,0.893087,0.967,0.88628,0.903695,19773441.0,596776442.0
2019-10-12,0.911203,0.921544,0.850423,0.8931,19332567.0,589779872.0
2019-10-11,0.913683,0.920685,0.885656,0.914116,18114188.0,603658112.0
2019-10-10,0.942845,0.944412,0.913233,0.915035,24538307.0,604264912.0
2019-10-09,0.899704,0.957093,0.894856,0.942926,16465901.0,622683648.0
2019-10-08,0.906241,0.915839,0.895083,0.899704,18299070.0,594140600.0
2019-10-07,0.87599,0.924249,0.867754,0.906686,16375621.0,598751227.0
2019-10-06,0.912324,0.91377,0.872431,0.876948,12691818.0,579113086.0
2019-10-05,0.923275,0.924122,0.902212,0.912535,13070972.0,602614044.0
2019-10-04,0.934931,0.93567,0.901729,0.923275,14953450.0,609706365.0
2019-10-03,0.943783,0.965669,0.917273,0.935255,11184781.0,617617831.0
2019-10-02,0.953811,0.953811,0.893671,0.943158,17174252.0,622836475.0
2019-10-01,0.90424,0.997532,0.898776,0.953637,13349266.0,629756396.0
2019-09-30,0.888097,0.91842,0.853907,0.903533,15800572.0,596669068.0
2019-09-29,0.893418,0.916808,0.869514,0.887902,11871749.0,586346796.0
2019-09-28,0.895378,0.916559,0.868757,0.893673,9062006.0,590158131.0
2019-09-27,0.850902,0.899908,0.824431,0.895409,17459138.0,591304774.0
2019-09-26,0.854433,0.913537,0.821401,0.851353,12848761.0,562210845.0
2019-09-25,0.889105,0.909275,0.818959,0.854977,24468658.0,564604498.0
2019-09-24,1.05,1.09,0.852477,0.892636,25188778.0,589473410.0
2019-09-23,1.05,1.14,1.02,1.05,18341225.0,696104355.0
2019-09-22,1.07,1.08,1.05,1.06,8594941.0,696868198.0
2019-09-21,1.06,1.08,1.06,1.07,13990523.0,708171839.0
2019-09-20,1.1,1.11,1.05,1.06,14160437.0,701240151.0
2019-09-19,1.09,1.12,1.03,1.1,12359739.0,727542370.0
2019-09-18,1.09,1.15,1.09,1.09,11962787.0,720294110.0
2019-09-17,1.0,1.1,0.997298,1.1,10580481.0,723533677.0
2019-09-16,1.0,1.01,0.985511,1.0,7211469.0,662162197.0
2019-09-15,1.0,1.02,0.988586,1.0,9925484.0,662384863.0
2019-09-14,0.977167,1.01,0.961925,1.0,8114227.0,661750058.0
2019-09-13,1.01,1.02,0.957123,0.975547,9376392.0,644225711.0
2019-09-12,1.01,1.02,0.993832,1.01,9235470.0,666508432.0
2019-09-11,1.02,1.03,0.994984,1.01,8953230.0,664542321.0
2019-09-10,1.04,1.04,1.02,1.02,9247187.0,675748704.0
2019-09-09,1.06,1.11,1.03,1.04,11308139.0,687583237.0
2019-09-08,1.03,1.08,1.02,1.07,10251627.0,703564280.0
2019-09-07,0.998955,1.04,0.977403,1.03,13451858.0,679683395.0
2019-09-06,1.01,1.03,0.993146,1.0,11010600.0,660508589.0
2019-09-05,1.03,1.04,1.0,1.01,9221482.0,669826900.0
2019-09-04,1.04,1.04,1.02,1.03,8758988.0,682146976.0
2019-09-03,1.06,1.07,1.03,1.04,11137913.0,688841250.0
2019-09-02,1.03,1.08,1.03,1.06,9758386.0,697810467.0
2019-09-01,1.05,1.06,1.01,1.03,8250825.0,681637980.0
2019-08-31,1.07,1.08,1.01,1.04,10847063.0,687684125.0
2019-08-30,0.998172,1.07,0.991567,1.06,10015534.0,703253249.0
2019-08-29,1.05,1.07,0.996188,0.998172,14710732.0,659166382.0
2019-08-28,1.13,1.13,1.04,1.05,9878622.0,693879132.0
2019-08-27,1.16,1.17,1.12,1.13,8137996.0,745097752.0
2019-08-26,1.14,1.18,1.13,1.16,8943795.0,765358762.0
2019-08-25,1.15,1.16,1.13,1.14,7996369.0,754098350.0
2019-08-24,1.17,1.18,1.12,1.15,9414392.0,758721110.0
2019-08-23,1.14,1.2,1.13,1.17,9906828.0,772431594.0
2019-08-22,1.12,1.15,1.1,1.14,8824747.0,752276973.0
2019-08-21,1.16,1.16,1.1,1.12,11809364.0,738442909.0
2019-08-20,1.21,1.22,1.16,1.16,6759399.0,766459768.0
2019-08-19,1.2,1.24,1.2,1.21,7024532.0,801513726.0
2019-08-18,1.19,1.24,1.18,1.2,5300851.0,794345202.0
2019-08-17,1.22,1.22,1.17,1.19,4859686.0,787218715.0
2019-08-16,1.22,1.23,1.14,1.22,8512652.0,805043456.0
2019-08-15,1.16,1.25,1.05,1.22,13913968.0,807752353.0
2019-08-14,1.26,1.28,1.15,1.16,10844927.0,769123801.0
2019-08-13,1.36,1.37,1.26,1.26,10432675.0,829436539.0
2019-08-12,1.38,1.39,1.36,1.36,8575614.0,899603980.0
2019-08-11,1.39,1.41,1.37,1.38,8402166.0,908558771.0
2019-08-10,1.43,1.44,1.36,1.39,11888934.0,919898719.0
2019-08-09,1.55,1.56,1.37,1.43,23985476.0,946513275.0
2019-08-08,1.35,1.73,1.34,1.55,36246315.0,1023902326.0
2019-08-07,1.47,1.48,1.35,1.35,11480552.0,892389418.0
2019-08-06,1.46,1.6,1.37,1.47,19160485.0,971497468.0
2019-08-05,1.44,1.5,1.35,1.46,12705167.0,964815639.0
2019-08-04,1.43,1.49,1.4,1.44,9783266.0,948979104.0
2019-08-03,1.43,1.46,1.38,1.43,9722877.0,942911870.0
2019-08-02,1.41,1.47,1.37,1.43,11664836.0,944514823.0
2019-08-01,1.27,1.45,1.25,1.4,12828552.0,927016196.0
2019-07-31,1.22,1.29,1.21,1.27,11125338.0,837805544.0
2019-07-30,1.01,1.27,1.0,1.22,14364108.0,806101102.0
2019-07-29,1.02,1.04,1.01,1.01,5208906.0,669420206.0
2019-07-28,1.01,1.02,0.983322,1.01,4624413.0,669998869.0
2019-07-27,1.04,1.06,0.992433,1.02,4429452.0,670518156.0
2019-07-26,1.03,1.04,1.01,1.04,4974709.0,687105991.0
2019-07-25,1.01,1.06,0.999385,1.03,4803954.0,680344534.0
2019-07-24,1.07,1.13,0.984626,1.01,9097802.0,666746465.0
2019-07-23,1.12,1.12,1.0,1.07,6062974.0,706279550.0
2019-07-22,1.08,1.15,1.08,1.12,7020084.0,739797133.0
2019-07-21,1.04,1.16,0.982799,1.08,7885431.0,710469524.0
2019-07-20,0.980629,1.06,0.975963,1.04,5404137.0,686409070.0
2019-07-19,0.975413,0.986751,0.930558,0.982152,4603820.0,645925734.0
2019-07-18,0.919985,0.991306,0.914523,0.975413,5468334.0,643555643.0
2019-07-17,0.862768,0.94506,0.83435,0.919831,5971580.0,605928448.0
2019-07-16,0.970807,0.979049,0.838499,0.858835,6473433.0,564843687.0
2019-07-15,0.935994,1.02,0.889508,0.971759,6354067.0,641182870.0
2019-07-14,0.997538,1.02,0.92632,0.936902,3976188.0,617249243.0
2019-07-13,1.08,1.09,0.949652,0.997331,6033426.0,656064027.0
2019-07-12,1.02,1.08,0.99629,1.08,5490410.0,711690326.0
2019-07-11,1.18,1.19,1.01,1.01,6027839.0,668159345.0
2019-07-10,1.22,1.25,1.16,1.18,6717291.0,776271455.0
2019-07-09,1.22,1.25,1.16,1.22,6828247.0,806487053.0
2019-07-08,1.2,1.23,1.17,1.22,5921756.0,807185678.0
2019-07-07,1.22,1.23,1.15,1.2,6059511.0,787851212.0
2019-07-06,1.28,1.29,1.2,1.22,6465615.0,804271519.0
2019-07-05,1.21,1.29,1.2,1.28,6854996.0,844817393.0
2019-07-04,1.24,1.3,1.14,1.21,10289849.0,794861091.0
2019-07-03,1.01,1.29,1.01,1.24,15837964.0,821030802.0
2019-07-02,0.919517,1.08,0.861476,1.01,7635184.0,667248651.0
2019-07-01,0.934126,0.959318,0.86202,0.919536,6028770.0,605042285.0
2019-06-30,1.03,1.05,0.911791,0.934126,6748029.0,616672950.0
2019-06-29,1.01,1.04,0.953163,1.03,7264458.0,680750934.0
2019-06-28,0.979479,1.08,0.975719,1.01,6776169.0,666152208.0
2019-06-27,1.09,1.11,0.920158,0.978566,8510764.0,646086592.0
2019-06-26,1.1,1.16,1.04,1.09,11735069.0,715579635.0
2019-06-25,1.16,1.18,1.07,1.1,8186039.0,726181028.0
2019-06-24,1.19,1.19,1.14,1.16,5656100.0,767780900.0
2019-06-23,1.23,1.26,1.19,1.19,5118426.0,785283736.0
2019-06-22,1.17,1.26,1.14,1.23,10229269.0,807746163.0
2019-06-21,1.13,1.22,1.13,1.17,6892837.0,774556610.0
2019-06-20,1.2,1.21,1.07,1.13,9498107.0,745129942.0
2019-06-19,1.23,1.25,1.18,1.2,6385426.0,790089456.0
2019-06-18,1.33,1.35,1.22,1.23,6767405.0,810643318.0
2019-06-17,1.29,1.35,1.28,1.33,6246080.0,877243807.0
2019-06-16,1.25,1.3,1.24,1.29,5700414.0,851067755.0
2019-06-15,1.23,1.26,1.21,1.25,5245296.0,822432838.0
2019-06-14,1.28,1.29,1.2,1.23,5899459.0,809383076.0
2019-06-13,1.27,1.3,1.25,1.28,5019616.0,839970572.0
2019-06-12,1.28,1.29,1.23,1.27,5044644.0,836622244.0
2019-06-11,1.3,1.31,1.22,1.28,4552928.0,845021530.0
2019-06-10,1.23,1.31,1.21,1.3,4923599.0,855449237.0
2019-06-09,1.26,1.28,1.19,1.23,4224513.0,810791982.0
2019-06-08,1.32,1.33,1.24,1.26,4411334.0,832611080.0
2019-06-07,1.33,1.42,1.31,1.32,5561432.0,873534846.0
2019-06-06,1.18,1.37,1.16,1.33,8384631.0,877780217.0
2019-06-05,1.21,1.24,1.14,1.18,8880765.0,780822862.0
2019-06-04,1.39,1.39,1.15,1.21,9926834.0,803454996.0
2019-06-03,1.51,1.51,1.38,1.39,5727266.0,919188916.0
2019-06-02,1.47,1.56,1.47,1.51,5045491.0,998364254.0
2019-06-01,1.51,1.51,1.47,1.47,5251971.0,975104108.0
2019-05-31,1.49,1.52,1.43,1.51,6548130.0,996694026.0
2019-05-30,1.59,1.68,1.46,1.49,10738553.0,980806612.0
2019-05-29,1.58,1.6,1.56,1.59,6348191.0,1053254592.0
2019-05-28,1.65,1.65,1.58,1.58,5946047.0,1045779042.0
2019-05-27,1.66,1.7,1.62,1.65,5149919.0,1089185473.0
2019-05-26,1.57,1.67,1.52,1.67,5990545.0,1102824937.0
2019-05-25,1.58,1.6,1.56,1.57,3666087.0,1036905809.0
2019-05-24,1.62,1.63,1.56,1.58,4654673.0,1042343268.0
2019-05-23,1.55,1.63,1.48,1.62,5817208.0,1076269866.0
2019-05-22,1.65,1.66,1.55,1.55,5317375.0,1028022627.0
2019-05-21,1.66,1.67,1.64,1.65,3214384.0,1089704897.0
2019-05-20,1.83,1.83,1.63,1.66,6782919.0,1101134503.0
2019-05-19,1.64,1.83,1.64,1.83,7564102.0,1212616493.0
2019-05-18,1.67,1.73,1.64,1.64,5957965.0,1083004958.0
2019-05-17,1.71,1.77,1.54,1.67,13498055.0,1105259100.0
2019-05-16,1.78,1.83,1.63,1.7,11915320.0,1127862168.0
2019-05-15,1.47,1.78,1.47,1.78,13496925.0,1177769777.0
2019-05-14,1.33,1.47,1.3,1.47,8335135.0,976075296.0
2019-05-13,1.22,1.38,1.22,1.33,9070011.0,879865640.0
2019-05-12,1.27,1.32,1.19,1.22,6995488.0,807377030.0
2019-05-11,1.11,1.32,1.11,1.27,8999765.0,843575750.0
2019-05-10,1.1,1.17,1.09,1.11,5489153.0,736779680.0
2019-05-09,1.17,1.19,1.09,1.1,5487324.0,729166020.0
2019-05-08,1.2,1.2,1.14,1.17,5312444.0,776042350.0
2019-05-07,1.21,1.27,1.2,1.2,4336628.0,796448843.0
2019-05-06,1.16,1.23,1.14,1.21,4966399.0,799822365.0
2019-05-05,1.21,1.21,1.15,1.16,3979244.0,770409639.0
2019-05-04,1.31,1.32,1.15,1.21,5378794.0,799198601.0
2019-05-03,1.29,1.32,1.28,1.31,5692786.0,865843884.0
2019-05-02,1.2,1.32,1.19,1.29,5617751.0,857600250.0
2019-05-01,1.22,1.24,1.19,1.2,4100477.0,792092025.0
2019-04-30,1.14,1.23,1.13,1.22,4954875.0,805480416.0
2019-04-29,1.18,1.19,1.11,1.13,5081660.0,751401445.0
2019-04-28,1.22,1.24,1.16,1.17,5210110.0,776895426.0
2019-04-27,1.15,1.25,1.15,1.22,5922304.0,805923962.0
2019-04-26,1.12,1.15,1.03,1.15,8830115.0,760619921.0
2019-04-25,1.23,1.27,1.12,1.12,6919293.0,742168122.0
2019-04-24,1.46,1.46,1.22,1.23,9638383.0,814506075.0
2019-04-23,1.35,1.49,1.34,1.46,8900827.0,964619110.0
2019-04-22,1.32,1.35,1.31,1.35,5026218.0,891321471.0
2019-04-21,1.34,1.36,1.3,1.32,4552769.0,874542583.0
2019-04-20,1.36,1.39,1.31,1.34,6077148.0,889004785.0
2019-04-19,1.38,1.4,1.28,1.36,8397604.0,897214895.0
2019-04-18,1.27,1.38,1.26,1.38,11789322.0,910979421.0
2019-04-17,1.15,1.27,1.15,1.27,6975114.0,838761482.0
2019-04-16,1.07,1.16,1.04,1.15,5125489.0,762858702.0
2019-04-15,1.14,1.2,1.06,1.07,7297552.0,706804629.0
2019-04-14,0.980627,1.15,0.962144,1.14,7879353.0,756808225.0
2019-04-13,0.972006,0.997955,0.957275,0.980627,3216414.0,649039684.0
2019-04-12,0.936966,0.977282,0.915729,0.973109,3421766.0,643084925.0
2019-04-11,1.02,1.03,0.931632,0.937473,4534222.0,621692249.0
2019-04-10,0.941253,1.03,0.939551,1.02,4767004.0,677893974.0
2019-04-09,0.936641,1.01,0.898683,0.939958,5204779.0,624517832.0
2019-04-08,0.977546,1.0,0.921211,0.936641,7784289.0,621282752.0
2019-04-07,0.960605,0.989973,0.958282,0.977848,6017800.0,647560148.0
2019-04-06,1.02,1.02,0.957762,0.960346,6626631.0,638181631.0
2019-04-05,0.867735,1.02,0.86647,1.02,8618245.0,675611949.0
2019-04-04,0.943479,1.01,0.856778,0.865498,8582839.0,573285374.0
2019-04-03,1.03,1.04,0.923427,0.945043,8329667.0,628179638.0
2019-04-02,0.982972,1.03,0.936914,1.02,9297473.0,678087695.0
2019-04-01,1.06,1.07,0.97334,0.982625,6807342.0,650994455.0
2019-03-31,0.94756,1.1,0.944063,1.06,8951421.0,704639139.0
2019-03-30,0.89151,0.948936,0.8722,0.94756,4314599.0,628905003.0
2019-03-29,0.788943,0.950632,0.780392,0.896609,8197917.0,594080079.0
2019-03-28,0.724971,0.805524,0.71627,0.788943,4956700.0,524552175.0
2019-03-27,0.670344,0.725332,0.66746,0.724971,2937562.0,481208740.0
2019-03-26,0.685032,0.685032,0.65762,0.671928,2548318.0,445240788.0
2019-03-25,0.672568,0.7388,0.661414,0.685899,3905513.0,456085088.0
2019-03-24,0.727476,0.732536,0.66322,0.671714,3313285.0,445899002.0
2019-03-23,0.753899,0.76308,0.688333,0.728958,3785229.0,483078629.0
2019-03-22,0.828059,0.834115,0.727539,0.753382,6406358.0,501025722.0
2019-03-21,0.640794,0.842599,0.640794,0.833034,11691539.0,552557969.0
2019-03-20,0.594183,0.644145,0.549706,0.642404,8920631.0,390253615.0
2019-03-19,0.496391,0.595511,0.491455,0.595454,8245966.0,361731570.0
2019-03-18,0.49508,0.498605,0.486593,0.49581,5525118.0,301199111.0
2019-03-17,0.502719,0.504862,0.484487,0.494686,5422359.0,300516446.0
2019-03-16,0.452566,0.51028,0.45135,0.50431,6822114.0,306363086.0
2019-03-15,0.448479,0.454955,0.446222,0.452486,5032533.0,274880457.0
2019-03-14,0.452846,0.452865,0.440178,0.448842,5568959.0,272666718.0
2019-03-13,0.459547,0.461793,0.444895,0.453465,4759526.0,275474868.0
2019-03-12,0.453693,0.462082,0.435719,0.45863,5170766.0,278612540.0
2019-03-11,0.454303,0.483927,0.448672,0.453566,5460803.0,275536385.0
2019-03-10,0.418145,0.467636,0.416513,0.453918,6465065.0,275750089.0
2019-03-09,0.412877,0.420104,0.407882,0.417429,4670527.0,253583438.0
2019-03-08,0.418514,0.422063,0.4078,0.411166,5101664.0,249779105.0
2019-03-07,0.42081,0.423855,0.413826,0.417988,5129994.0,253922998.0
2019-03-06,0.419525,0.428369,0.416374,0.41985,4784500.0,255054371.0
2019-03-05,0.407429,0.424089,0.404828,0.419979,4415497.0,255132716.0
2019-03-04,0.404982,0.412259,0.39795,0.405765,4848080.0,246497631.0
2019-03-03,0.405552,0.422028,0.402475,0.405318,4894782.0,246226141.0
2019-03-02,0.410496,0.413108,0.402604,0.406324,4317693.0,246837105.0
2019-03-01,0.409746,0.416146,0.408032,0.411654,5116450.0,250075551.0
2019-02-28,0.411682,0.413341,0.405568,0.41003,3289303.0,249088934.0
2019-02-27,0.408188,0.418069,0.406759,0.411866,5092529.0,250203994.0
2019-02-26,0.429614,0.431939,0.402687,0.40784,4253910.0,247758217.0
2019-02-25,0.425133,0.438305,0.423494,0.43043,3388040.0,261481246.0
2019-02-24,0.450847,0.462148,0.425359,0.425359,3448860.0,258400841.0
2019-02-23,0.446159,0.45794,0.440656,0.451031,3987855.0,273996489.0
2019-02-22,0.438034,0.451751,0.437903,0.44646,3525863.0,271219483.0
2019-02-21,0.463576,0.464355,0.437685,0.438406,2258275.0,266327091.0
2019-02-20,0.452018,0.464426,0.44358,0.463852,1901814.0,281785061.0
2019-02-19,0.454115,0.463598,0.445682,0.451244,2570898.0,274125632.0
2019-02-18,0.436952,0.462751,0.436246,0.453744,2812974.0,275644676.0
2019-02-17,0.435458,0.446393,0.432987,0.436943,1865190.0,265438343.0
2019-02-16,0.448717,0.461859,0.426479,0.433065,2263298.0,263081992.0
2019-02-15,0.411767,0.454976,0.411618,0.448514,2579809.0,272467401.0
2019-02-14,0.394803,0.412129,0.394374,0.411214,2417774.0,249808271.0
2019-02-13,0.389754,0.39645,0.387506,0.394754,1872066.0,239808548.0
2019-02-12,0.383783,0.390428,0.380362,0.389957,2423798.0,236894597.0
2019-02-11,0.379033,0.386443,0.37869,0.383347,2666256.0,232878819.0
2019-02-10,0.379457,0.380715,0.374386,0.379014,2737184.0,230246635.0
2019-02-09,0.388303,0.397692,0.378386,0.37975,1639116.0,230693936.0
2019-02-08,0.364471,0.388219,0.359823,0.387649,3215684.0,235492797.0
2019-02-07,0.367889,0.370001,0.362385,0.363864,931032.0,221043271.0
2019-02-06,0.371413,0.375526,0.365713,0.367485,5215259.0,223243062.0
2019-02-05,0.369666,0.374384,0.367595,0.37149,2195289.0,225676110.0
2019-02-04,0.373589,0.375107,0.36791,0.369976,9201165.0,224756073.0
2019-02-03,0.38069,0.382937,0.373,0.37365,3472421.0,226988236.0
2019-02-02,0.382092,0.383219,0.377294,0.381045,1902184.0,231480460.0
2019-02-01,0.379172,0.383738,0.375959,0.382546,3983833.0,232392407.0
2019-01-31,0.37909,0.380596,0.371987,0.378969,2498650.0,230219585.0
2019-01-30,0.372874,0.379684,0.369705,0.379684,2950624.0,230654150.0
2019-01-29,0.378462,0.381507,0.366635,0.372959,2254263.0,226568540.0
2019-01-28,0.402109,0.404839,0.376584,0.378758,2637806.0,230091268.0
2019-01-27,0.410914,0.410914,0.39898,0.402173,1631404.0,244315648.0
2019-01-26,0.414973,0.418771,0.410362,0.410441,1336560.0,249338320.0
2019-01-25,0.42003,0.423538,0.412769,0.41486,1335099.0,252022887.0
2019-01-24,0.421965,0.425025,0.41328,0.419585,1166729.0,254893227.0
2019-01-23,0.423875,0.425347,0.412962,0.425347,803176.0,258393550.0
2019-01-22,0.423228,0.428462,0.41545,0.42389,921641.0,257508560.0
2019-01-21,0.428368,0.433852,0.421142,0.423494,1106419.0,257267880.0
2019-01-20,0.437249,0.441715,0.425371,0.428458,573281.0,260283695.0
2019-01-19,0.437163,0.448603,0.429505,0.437358,573952.0,265690163.0
2019-01-18,0.427171,0.438167,0.425441,0.437198,486342.0,265593204.0
2019-01-17,0.424462,0.429829,0.423521,0.427025,472249.0,259413304.0
2019-01-16,0.407576,0.434913,0.406323,0.424904,514023.0,258124771.0
2019-01-15,0.416456,0.421703,0.403261,0.407958,551739.0,247829979.0
2019-01-14,0.394865,0.424854,0.394186,0.416643,479148.0,253106093.0
2019-01-13,0.424971,0.42918,0.387247,0.394705,709305.0,239778739.0
2019-01-12,0.450424,0.451772,0.419879,0.424779,654672.0,258048387.0
2019-01-11,0.453509,0.458224,0.447388,0.449763,559924.0,273226269.0
2019-01-10,0.496456,0.505463,0.447318,0.452833,766981.0,275090901.0
2019-01-09,0.485136,0.496549,0.482961,0.495942,841152.0,301279460.0
2019-01-08,0.48154,0.488163,0.48124,0.484993,3420650.0,294627647.0
2019-01-07,0.484425,0.484577,0.481211,0.481431,3489123.0,292464195.0
2019-01-06,0.48321,0.484676,0.482381,0.484338,3190480.0,294229729.0
2019-01-05,0.482952,0.484049,0.482907,0.483224,3193352.0,293553472.0
2019-01-04,0.482141,0.483708,0.481659,0.483029,3284328.0,293434817.0
2019-01-03,0.485028,0.485149,0.481733,0.482134,3296793.0,292890866.0
2019-01-02,0.475336,0.485825,0.463116,0.485319,3754443.0,294826017.0
2019-01-01,0.463073,0.482144,0.460394,0.474699,714132.0,288374540.0
2018-12-31,0.498466,0.499458,0.461969,0.462627,955456.0,281040876.0
2018-12-30,0.510078,0.510469,0.487298,0.498225,697478.0,302665931.0
2018-12-29,0.509148,0.522606,0.498252,0.510319,792592.0,310013434.0
2018-12-28,0.469292,0.50946,0.46034,0.508607,1103081.0,308973464.0
2018-12-27,0.524876,0.527965,0.468246,0.470754,1082895.0,285977669.0
2018-12-26,0.49511,0.534715,0.494629,0.522848,1003902.0,317624655.0
2018-12-25,0.53492,0.536564,0.488523,0.494854,1147199.0,300618183.0
2018-12-24,0.512837,0.56509,0.512837,0.533601,1668743.0,324156788.0
2018-12-23,0.468436,0.515865,0.468436,0.51308,1535172.0,311690199.0
2018-12-22,0.462401,0.469156,0.421742,0.469056,1425000.0,284946253.0
2018-12-21,0.471478,0.484255,0.444493,0.461004,6211060.0,280055033.0
2018-12-20,0.445049,0.485803,0.441226,0.471885,2231651.0,286665209.0
2018-12-19,0.438397,0.483806,0.437329,0.447585,2234261.0,271902941.0
2018-12-18,0.420291,0.437711,0.416058,0.437695,1723213.0,265895131.0
2018-12-17,0.394479,0.429835,0.390854,0.41918,1343785.0,254647153.0
2018-12-16,0.389297,0.399528,0.383438,0.394124,1288737.0,239425842.0
2018-12-15,0.374924,0.392235,0.374085,0.389047,1220841.0,236341665.0
2018-12-14,0.372047,0.382053,0.36833,0.37322,1370393.0,226727003.0
2018-12-13,0.415782,0.435705,0.371191,0.372124,2968587.0,226061341.0
2018-12-12,0.364451,0.42062,0.364451,0.416208,2203439.0,252841506.0
2018-12-11,0.361096,0.368693,0.356768,0.364371,1307337.0,221351450.0
2018-12-10,0.404754,0.404754,0.358518,0.360835,1605744.0,219203148.0
2018-12-09,0.39269,0.419261,0.392089,0.404799,1859805.0,245911010.0
2018-12-08,0.373883,0.395748,0.368221,0.394316,1704652.0,239542619.0
2018-12-07,0.345901,0.373488,0.314631,0.371269,2227206.0,225541698.0
2018-12-06,0.389922,0.391312,0.346117,0.349233,3179878.0,212155168.0
2018-12-05,0.436157,0.436502,0.38655,0.390559,2207202.0,237260129.0
2018-12-04,0.440904,0.453975,0.425122,0.435813,2083554.0,264751630.0
2018-12-03,0.491871,0.492804,0.439941,0.439967,1819190.0,267275397.0
2018-12-02,0.512145,0.516748,0.486277,0.492278,1529055.0,299053526.0
2018-12-01,0.496,0.519457,0.481687,0.512867,2132419.0,311561385.0
2018-11-30,0.564663,0.564663,0.482292,0.494958,2434212.0,300681495.0
2018-11-29,0.582671,0.582671,0.511903,0.563074,3965433.0,342061272.0
2018-11-28,0.564896,0.596642,0.563259,0.58204,3260040.0,353582921.0
2018-11-27,0.568323,0.576354,0.542754,0.565361,1532900.0,343450612.0
2018-11-26,0.590189,0.635297,0.543298,0.568549,2070780.0,345387287.0
2018-11-25,0.565503,0.596427,0.484373,0.589565,2885020.0,358154276.0
2018-11-24,0.635193,0.656915,0.553082,0.566895,1574140.0,344382500.0
2018-11-23,0.681933,0.689614,0.621937,0.634923,2743590.0,385708764.0
2018-11-22,0.727051,0.752796,0.683034,0.685665,1760280.0,416533973.0
2018-11-21,0.71765,0.734637,0.663359,0.72151,3232420.0,438309418.0
2018-11-20,0.825506,0.886363,0.690294,0.715623,5770870.0,434733130.0
2018-11-19,1.08,1.09,0.80403,0.829125,4532120.0,503684351.0
2018-11-18,1.1,1.11,1.07,1.08,1987790.0,658645693.0
2018-11-17,1.11,1.12,1.09,1.09,1862270.0,663876174.0
2018-11-16,1.11,1.14,1.1,1.11,2508770.0,675697910.0
2018-11-15,1.12,1.13,1.07,1.11,3354020.0,675375941.0
2018-11-14,1.24,1.27,1.09,1.12,3778580.0,678978351.0
2018-11-13,1.26,1.27,1.24,1.24,2521740.0,755910763.0
2018-11-12,1.32,1.32,1.26,1.27,3230420.0,769585342.0
2018-11-11,1.31,1.32,1.3,1.32,2345040.0,800020543.0
2018-11-10,1.29,1.31,1.29,1.31,2562070.0,794911560.0
2018-11-09,1.32,1.32,1.29,1.29,2729800.0,786303440.0
2018-11-08,1.33,1.33,1.31,1.32,3224060.0,800154190.0
2018-11-07,1.34,1.36,1.33,1.33,2605570.0,806994517.0
2018-11-06,1.31,1.34,1.31,1.33,2884510.0,809187552.0
2018-11-05,1.32,1.35,1.31,1.31,3656250.0,794632115.0
2018-11-04,1.32,1.33,1.31,1.33,1626250.0,805980010.0
2018-11-03,1.31,1.32,1.3,1.31,1447520.0,798690142.0
2018-11-02,1.31,1.34,1.3,1.31,2312990.0,794711088.0
2018-11-01,1.28,1.32,1.28,1.31,2314640.0,793240965.0
2018-10-31,1.28,1.29,1.26,1.28,2135600.0,779499563.0
2018-10-30,1.28,1.31,1.28,1.28,1804820.0,778618704.0
2018-10-29,1.35,1.36,1.28,1.28,2355900.0,777543448.0
2018-10-28,1.35,1.36,1.34,1.35,820245.0,822795307.0
2018-10-27,1.36,1.37,1.34,1.35,1038920.0,819241496.0
2018-10-26,1.35,1.37,1.34,1.37,2047160.0,829295440.0
2018-10-25,1.36,1.36,1.32,1.35,1622770.0,818129791.0
2018-10-24,1.38,1.38,1.34,1.34,1871920.0,812546967.0
2018-10-23,1.41,1.42,1.37,1.38,2513170.0,839428357.0
2018-10-22,1.34,1.42,1.33,1.41,2532760.0,858132944.0
2018-10-21,1.31,1.35,1.31,1.34,1277190.0,815468989.0
2018-10-20,1.31,1.32,1.3,1.31,1309920.0,797766758.0
2018-10-19,1.32,1.33,1.29,1.31,2351860.0,796800851.0
2018-10-18,1.4,1.41,1.32,1.32,2663220.0,803465005.0
2018-10-17,1.47,1.47,1.37,1.4,3428510.0,850776252.0
2018-10-16,1.37,1.48,1.33,1.47,6030970.0,891040626.0
2018-10-15,1.22,1.37,1.21,1.37,4359540.0,834562369.0
2018-10-14,1.24,1.25,1.2,1.22,1394990.0,741051581.0
2018-10-13,1.25,1.26,1.23,1.24,1020920.0,755977587.0
2018-10-12,1.23,1.25,1.21,1.25,1716960.0,757314063.0
2018-10-11,1.37,1.37,1.23,1.24,2117670.0,752770045.0
2018-10-10,1.4,1.43,1.33,1.37,1812420.0,830644065.0
2018-10-09,1.36,1.42,1.35,1.4,1850760.0,849865018.0
2018-10-08,1.32,1.38,1.31,1.36,1774140.0,825358911.0
2018-10-07,1.34,1.34,1.3,1.32,781157.0,800342512.0
2018-10-06,1.33,1.37,1.32,1.34,1461850.0,811192266.0
2018-10-05,1.3,1.33,1.3,1.32,1098350.0,802335076.0
2018-10-04,1.32,1.36,1.3,1.3,2028680.0,791035780.0
2018-10-03,1.33,1.35,1.29,1.31,2053580.0,794474168.0
2018-10-02,1.35,1.36,1.33,1.33,1976820.0,809108579.0
2018-10-01,1.43,1.45,1.34,1.35,2089710.0,819861135.0
2018-09-30,1.44,1.48,1.41,1.42,2073140.0,865513936.0
2018-09-29,1.42,1.46,1.39,1.44,1367510.0,874358977.0
2018-09-28,1.44,1.49,1.41,1.42,2089150.0,864311108.0
2018-09-27,1.45,1.48,1.39,1.44,2512880.0,874632347.0
2018-09-26,1.48,1.52,1.45,1.45,1523520.0,879680581.0
2018-09-25,1.57,1.57,1.45,1.47,1799400.0,895663617.0
2018-09-24,1.66,1.67,1.53,1.56,2342190.0,950538102.0
2018-09-23,1.67,1.71,1.63,1.66,1986980.0,1008887425.0
2018-09-22,1.67,1.69,1.61,1.66,2203730.0,1009500989.0
2018-09-21,1.71,1.79,1.63,1.66,5152330.0,1007004209.0
2018-09-20,1.56,1.71,1.5,1.71,4128740.0,1037153890.0
2018-09-19,1.51,1.58,1.47,1.55,3600640.0,944135168.0
2018-09-18,1.5,1.55,1.42,1.51,3049400.0,915267289.0
2018-09-17,1.66,1.7,1.4,1.5,7424940.0,912515363.0
2018-09-16,1.62,1.67,1.54,1.66,2633080.0,1008966398.0
2018-09-15,1.56,1.75,1.53,1.63,4984260.0,987576709.0
2018-09-14,1.34,1.67,1.29,1.57,5128230.0,953198904.0
2018-09-13,1.26,1.35,1.26,1.35,1907530.0,818555033.0
2018-09-12,1.3,1.32,1.19,1.26,2205410.0,766201628.0
2018-09-11,1.42,1.42,1.26,1.31,3084310.0,793216665.0
2018-09-10,1.2,1.53,1.19,1.41,3231710.0,854876803.0
2018-09-09,1.15,1.25,1.14,1.2,1977490.0,728415809.0
2018-09-08,1.22,1.25,1.15,1.15,2234460.0,699687653.0
2018-09-07,1.23,1.27,1.22,1.23,1926860.0,745267555.0
2018-09-06,1.3,1.3,1.21,1.24,2263090.0,752034983.0
2018-09-05,1.44,1.46,1.3,1.3,3304880.0,790574088.0
2018-09-04,1.42,1.45,1.41,1.44,2008920.0,874243554.0
2018-09-03,1.4,1.42,1.38,1.42,2418800.0,859675966.0
2018-09-02,1.41,1.43,1.38,1.39,1620730.0,847392538.0
2018-09-01,1.36,1.42,1.33,1.41,1904880.0,854712781.0
2018-08-31,1.36,1.37,1.32,1.36,1726140.0,826476690.0
2018-08-30,1.37,1.38,1.33,1.36,1868490.0,823348122.0
2018-08-29,1.38,1.4,1.36,1.37,1768070.0,834173576.0
2018-08-28,1.35,1.4,1.33,1.38,2058670.0,838583947.0
2018-08-27,1.33,1.35,1.31,1.35,1737520.0,820942465.0
2018-08-26,1.36,1.37,1.3,1.33,1624750.0,807407609.0
2018-08-25,1.33,1.36,1.31,1.36,1258870.0,827199602.0
2018-08-24,1.32,1.34,1.29,1.33,2008470.0,810244583.0
2018-08-23,1.29,1.32,1.26,1.32,1976690.0,804430913.0
2018-08-22,1.36,1.42,1.26,1.29,2324990.0,781145858.0
2018-08-21,1.43,1.44,1.28,1.36,4813760.0,825905651.0
2018-08-20,1.36,1.69,1.36,1.43,6067680.0,868253712.0
2018-08-19,1.33,1.4,1.32,1.37,1689570.0,833025422.0
2018-08-18,1.37,1.41,1.3,1.33,2132750.0,810408605.0
2018-08-17,1.3,1.38,1.3,1.38,2135200.0,835631550.0
2018-08-16,1.29,1.33,1.25,1.3,2142820.0,786801581.0
2018-08-15,1.26,1.39,1.26,1.29,2734990.0,782117841.0
2018-08-14,1.29,1.3,1.18,1.25,3409060.0,758358944.0
2018-08-13,1.46,1.47,1.22,1.3,3065130.0,790003048.0
2018-08-12,1.52,1.59,1.45,1.45,2727130.0,882954946.0
2018-08-11,1.53,1.57,1.4,1.52,2517240.0,925363756.0
2018-08-10,1.67,1.67,1.47,1.53,2720600.0,929676929.0
2018-08-09,1.55,1.67,1.55,1.67,1839340.0,1013996407.0
2018-08-08,1.69,1.71,1.51,1.54,2891530.0,934245246.0
2018-08-07,1.78,1.9,1.69,1.69,2991980.0,1027622387.0
2018-08-06,1.85,1.91,1.75,1.78,2449620.0,1083420255.0
2018-08-05,1.86,1.93,1.84,1.85,2206540.0,1124103796.0
2018-08-04,1.83,1.91,1.75,1.87,2769130.0,1133689973.0
2018-08-03,1.65,1.93,1.55,1.83,3992930.0,1109791354.0
2018-08-02,1.82,1.98,1.64,1.66,3319250.0,1007380852.0
2018-08-01,1.89,1.97,1.72,1.82,2961420.0,1102689807.0
2018-07-31,2.08,2.08,1.79,1.89,3524540.0,1146793512.0
2018-07-30,2.07,2.09,1.97,2.08,3403140.0,1265430047.0
2018-07-29,2.07,2.11,2.03,2.07,1944750.0,1255971442.0
2018-07-28,2.1,2.12,2.03,2.06,1944170.0,1253341015.0
2018-07-27,2.04,2.13,2.03,2.09,1735890.0,1271918030.0
2018-07-26,2.1,2.21,2.02,2.04,2731230.0,1241179084.0
2018-07-25,2.13,2.17,1.99,2.12,4433050.0,1287062731.0
2018-07-24,2.24,2.29,2.11,2.15,4028080.0,1307838857.0
2018-07-23,2.16,2.27,2.13,2.24,2745610.0,1362719417.0
2018-07-22,2.2,2.26,2.14,2.16,1933710.0,1313883373.0
2018-07-21,2.05,2.2,2.0,2.2,2385670.0,1335528207.0
2018-07-20,2.27,2.27,2.02,2.05,3504910.0,1244854393.0
2018-07-19,2.33,2.35,2.24,2.27,3961730.0,1378945449.0
2018-07-18,2.43,2.51,2.27,2.33,4170670.0,1416463972.0
2018-07-17,2.3,2.44,2.24,2.44,4803450.0,1481052207.0
2018-07-16,2.19,2.33,2.16,2.28,4517860.0,1386308216.0
2018-07-15,1.98,2.23,1.94,2.18,4023690.0,1325285942.0
2018-07-14,1.98,2.0,1.92,1.97,3356770.0,1196364618.0
2018-07-13,1.9,2.07,1.9,1.97,4691140.0,1194621124.0
2018-07-12,2.1,2.24,1.86,1.9,5112460.0,1151616975.0
2018-07-11,2.23,2.32,2.05,2.1,6863960.0,1277093836.0
2018-07-10,2.26,2.38,2.14,2.23,7598320.0,1353528107.0
2018-07-09,2.32,2.34,2.05,2.26,6912650.0,1372554664.0
2018-07-08,1.86,2.52,1.85,2.32,12105000.0,1411828831.0
2018-07-07,1.77,1.89,1.66,1.85,5580940.0,1126661325.0
2018-07-06,1.43,1.83,1.1,1.79,13123900.0,1088055396.0
2018-07-05,1.88,1.97,1.4,1.42,10239900.0,863709694.0
2018-07-04,2.01,2.11,1.87,1.87,6719230.0,1138586335.0
2018-07-03,3.14,3.26,1.93,2.0,15960800.0,0.0
2018-07-02,3.95,4.18,2.6,2.91,3077500.0,0.0
2018-07-01,4.42,4.46,3.82,3.95,1125120.0,0.0
2018-06-30,4.04,4.59,3.96,4.43,1394190.0,0.0
2018-06-29,3.56,4.06,3.5,4.06,970750.0,0.0
2018-06-28,3.57,3.8,3.54,3.56,1194730.0,0.0
2018-06-27,3.49,3.6,3.28,3.58,1138720.0,0.0
2018-06-26,3.73,3.73,3.37,3.5,1020840.0,0.0
2018-06-25,3.28,3.85,3.12,3.72,935732.0,0.0
2018-06-24,3.81,3.82,3.09,3.27,1237290.0,0.0
2018-06-23,3.92,3.97,3.64,3.78,1035330.0,0.0
2018-06-22,4.17,4.18,3.78,3.91,1194830.0,0.0
2018-06-21,4.26,4.47,4.02,4.18,1110590.0,0.0
2018-06-20,4.2,4.27,4.1,4.27,1079500.0,0.0
2018-06-19,4.17,4.33,4.1,4.22,1111810.0,0.0
2018-06-18,4.01,4.19,3.88,4.18,880673.0,0.0
2018-06-17,4.06,4.23,3.94,4.02,797057.0,0.0
2018-06-16,3.88,4.1,3.81,4.06,874219.0,0.0
2018-06-15,4.15,4.15,3.85,3.88,1321420.0,0.0
2018-06-14,3.89,4.2,3.86,4.15,1196480.0,0.0
2018-06-13,4.33,4.33,3.73,3.89,1089760.0,0.0
2018-06-12,4.45,4.53,4.27,4.33,1232530.0,0.0
2018-06-11,4.79,4.79,4.09,4.45,1250330.0,0.0
2018-06-10,4.94,4.94,4.48,4.8,1350140.0,0.0
2018-06-09,5.02,5.22,4.91,4.94,1266220.0,0.0
2018-06-08,5.0,5.07,4.92,5.01,1228880.0,0.0
2018-06-07,4.92,5.06,4.92,5.0,1226990.0,0.0
2018-06-06,5.32,5.32,4.8,4.91,1504880.0,0.0
2018-06-05,4.94,5.32,4.87,5.32,1567270.0,0.0
2018-06-04,5.09,5.32,4.85,4.93,1344880.0,0.0
2018-06-03,5.77,5.8,5.0,5.06,1261420.0,0.0
2018-06-02,5.16,5.97,5.16,5.78,1271660.0,0.0
2018-06-01,4.83,5.2,4.79,5.16,964214.0,0.0
2018-05-31,4.94,5.31,4.78,4.83,799551.0,0.0
2018-05-30,4.82,5.29,4.67,5.13,795714.0,0.0
2018-05-29,4.22,4.86,4.18,4.86,746728.0,0.0
2018-05-28,4.35,4.44,4.2,4.22,734131.0,0.0
2018-05-27,4.4,4.71,4.28,4.34,888253.0,0.0
2018-05-26,4.38,4.72,4.34,4.4,850989.0,0.0
2018-05-25,4.11,4.55,4.1,4.39,748165.0,0.0
2018-05-24,3.89,4.12,3.85,4.09,808681.0,0.0
2018-05-23,4.18,4.25,3.85,3.92,686064.0,0.0
2018-05-22,4.5,4.64,4.09,4.18,834201.0,0.0
2018-05-21,4.86,4.91,4.49,4.51,648977.0,0.0
2018-05-20,4.77,5.01,4.75,4.86,719261.0,0.0
2018-05-19,4.7,4.85,4.66,4.76,539467.0,0.0
2018-05-18,4.51,4.73,4.45,4.7,707950.0,0.0
2018-05-17,4.5,4.68,4.45,4.51,838531.0,0.0
2018-05-16,5.02,5.02,4.43,4.51,830118.0,0.0
2018-05-15,5.15,5.46,4.6,5.03,1396440.0,0.0
2018-05-14,4.31,5.2,4.19,5.13,908313.0,0.0
2018-05-13,3.93,4.9,3.64,4.29,775378.0,0.0
2018-05-12,3.7,3.95,3.54,3.89,606088.0,0.0
2018-05-11,3.85,3.91,3.65,3.71,690693.0,0.0
2018-05-10,3.9,4.0,3.8,3.84,426150.0,0.0
2018-05-09,3.8,3.99,3.67,3.9,721042.0,0.0
2018-05-08,3.85,3.93,3.72,3.8,635011.0,0.0
2018-05-07,4.03,4.04,3.76,3.84,389978.0,0.0
2018-05-06,4.07,4.21,3.89,4.03,940943.0,0.0
2018-05-05,3.87,4.15,3.87,4.06,685947.0,0.0
2018-05-04,3.92,4.07,3.8,3.89,1101230.0,0.0
2018-05-03,3.7,3.94,3.62,3.93,864271.0,0.0
2018-05-02,3.63,3.73,3.48,3.71,321435.0,0.0
2018-05-01,3.62,3.66,3.45,3.65,447033.0,0.0
2018-04-30,3.77,3.85,3.5,3.62,921106.0,0.0
2018-04-29,3.73,3.9,3.64,3.77,1188380.0,0.0
2018-04-28,3.54,3.73,3.41,3.73,930614.0,0.0
2018-04-27,3.51,3.77,3.4,3.55,983449.0,0.0
2018-04-26,3.58,3.59,3.34,3.5,1079720.0,0.0
2018-04-25,4.18,4.21,3.29,3.62,1198230.0,0.0
2018-04-24,3.46,4.21,3.45,4.21,1480110.0,0.0
2018-04-23,3.15,3.49,2.97,3.47,1126150.0,0.0
2018-04-22,3.0,3.17,2.94,3.17,490323.0,0.0
2018-04-21,2.99,3.08,2.94,2.98,318341.0,0.0
2018-04-20,3.05,3.2,2.93,2.99,764020.0,0.0
2018-04-19,3.02,3.05,2.91,3.05,438272.0,0.0
2018-04-18,2.84,3.03,2.83,3.02,352946.0,0.0
2018-04-17,3.06,3.09,2.82,2.85,312086.0,0.0
2018-04-16,2.99,3.12,2.92,3.06,314907.0,0.0
2018-04-15,2.87,3.11,2.85,2.99,711535.0,0.0
2018-04-14,2.84,2.93,2.77,2.87,562631.0,0.0
2018-04-13,3.05,3.08,2.79,2.84,561679.0,0.0
2018-04-12,2.67,3.07,2.65,3.05,801305.0,0.0
2018-04-11,2.68,2.73,2.63,2.67,627519.0,0.0
2018-04-10,2.61,2.7,2.58,2.68,570796.0,0.0
2018-04-09,2.65,2.75,2.52,2.61,597836.0,0.0
2018-04-08,2.6,2.67,2.6,2.64,645937.0,0.0
2018-04-07,2.51,2.66,2.49,2.6,426068.0,0.0
2018-04-06,2.69,2.7,2.46,2.5,434243.0,0.0
2018-04-05,2.67,2.72,2.54,2.7,952683.0,0.0
2018-04-04,2.87,2.9,2.56,2.66,846519.0,0.0
2018-04-03,2.76,2.94,2.69,2.88,682609.0,0.0
2018-04-02,2.65,2.8,2.63,2.75,257206.0,0.0
2018-04-01,2.87,2.89,2.54,2.64,534227.0,0.0
2018-03-31,2.81,2.96,2.73,2.86,312477.0,0.0
2018-03-30,2.78,3.06,2.67,2.81,435505.0,0.0
2018-03-29,3.13,3.15,2.74,2.79,375158.0,0.0
2018-03-28,3.01,3.21,2.94,3.14,441428.0,0.0
2018-03-27,3.52,3.57,2.91,3.02,1624890.0,0.0
2018-03-26,3.94,4.16,3.3,3.52,1057200.0,0.0
2018-03-25,3.9,4.03,3.68,3.93,552477.0,0.0
2018-03-24,3.51,3.91,3.36,3.91,1218370.0,0.0
2018-03-23,3.37,3.47,3.2,3.47,468063.0,0.0
2018-03-22,3.38,3.43,3.2,3.34,480031.0,0.0
2018-03-21,3.3,3.54,3.2,3.35,753571.0,0.0
2018-03-20,3.05,3.33,2.85,3.29,813326.0,0.0
2018-03-19,2.81,3.21,2.81,3.02,700166.0,0.0
2018-03-18,2.79,2.83,2.51,2.82,411180.0,0.0
2018-03-17,2.94,2.95,2.73,2.79,346576.0,0.0
2018-03-16,3.16,3.19,2.94,2.94,409957.0,0.0
2018-03-15,3.08,3.29,2.87,3.17,240690.0,0.0
2018-03-14,3.38,3.64,2.95,3.09,327781.0,0.0
2018-03-13,3.3,3.45,3.16,3.38,182144.0,0.0
2018-03-12,3.57,3.9,3.21,3.31,360429.0,0.0
2018-03-11,3.01,3.6,2.92,3.6,251491.0,0.0
2018-03-10,3.06,3.25,3.01,3.01,311390.0,0.0
2018-03-09,3.02,3.17,2.74,3.08,502712.0,0.0
2018-03-08,3.4,3.55,2.9,3.04,670284.0,0.0
2018-03-07,3.58,3.74,3.3,3.4,371408.0,0.0
2018-03-06,4.08,4.08,3.57,3.62,925033.0,0.0
2018-03-05,4.25,4.27,4.0,4.05,306890.0,0.0
2018-03-04,4.38,4.4,4.07,4.26,425664.0,0.0
2018-03-03,4.3,4.46,4.26,4.41,257175.0,0.0
2018-03-02,4.38,4.43,4.28,4.31,327186.0,0.0
2018-03-01,4.24,4.56,4.22,4.39,547252.0,0.0
2018-02-28,4.32,4.89,4.16,4.23,702098.0,0.0
2018-02-27,4.0,4.43,3.71,4.36,556383.0,0.0
2018-02-26,4.72,4.79,3.12,3.96,1583130.0,0.0
2018-02-25,4.83,5.0,4.63,4.67,524865.0,0.0
2018-02-24,4.7,5.06,4.49,4.84,1219590.0,0.0
2018-02-23,4.05,4.7,3.95,4.69,1623090.0,0.0
2018-02-22,3.53,4.16,3.27,4.06,2167420.0,0.0
2018-02-21,3.88,3.92,3.51,3.53,1102720.0,0.0
2018-02-20,3.51,4.58,3.47,3.91,2076160.0,0.0
2018-02-19,2.85,3.7,2.71,3.44,1528560.0,0.0
2018-02-18,2.77,2.96,2.6,2.87,1038200.0,0.0
2018-02-17,2.69,2.86,2.67,2.75,900364.0,0.0
2018-02-16,2.56,2.74,2.5,2.69,903445.0,0.0
2018-02-15,2.5,2.77,2.48,2.57,751962.0,0.0
2018-02-14,2.61,2.86,2.28,2.5,1870300.0,0.0
2018-02-13,3.22,3.23,2.32,2.61,1543840.0,0.0
2018-02-12,3.0,3.3,3.0,3.22,928316.0,0.0
2018-02-11,3.28,3.29,2.92,2.98,606314.0,0.0
2018-02-10,3.16,3.53,3.13,3.27,1086180.0,0.0
2018-02-09,2.98,3.32,2.75,3.17,1119960.0,0.0
2018-02-08,2.41,3.02,2.41,2.95,1888850.0,0.0
2018-02-07,2.45,2.85,2.19,2.42,2082500.0,0.0
2018-02-06,2.41,2.47,1.76,2.46,1706220.0,0.0
2018-02-05,3.04,3.09,2.19,2.41,2070610.0,0.0
2018-02-04,3.17,3.5,2.91,3.07,1498690.0,0.0
2018-02-03,2.87,3.28,2.75,3.18,1660240.0,0.0
2018-02-02,3.06,3.07,2.43,2.85,2820460.0,0.0
2018-02-01,3.39,3.48,2.79,3.06,3109900.0,0.0
2018-01-31,3.48,3.8,2.79,3.39,2148400.0,0.0
2018-01-30,3.31,4.15,2.73,3.44,1429180.0,0.0
2018-01-29,4.54,4.89,2.83,3.28,2035690.0,0.0
2018-01-28,4.12,4.68,4.12,4.58,617533.0,0.0
2018-01-27,4.11,4.2,4.02,4.09,343186.0,0.0
2018-01-26,4.01,4.15,3.84,4.11,621430.0,0.0
2018-01-25,3.95,4.57,3.84,4.04,1303740.0,0.0
2018-01-24,4.74,4.82,3.85,4.24,1542820.0,0.0
2018-01-23,4.68,4.93,4.52,4.74,4212570.0,0.0
2018-01-22,4.64,5.03,4.36,4.73,2760220.0,0.0
2018-01-21,5.01,5.07,4.41,4.58,1290190.0,0.0
2018-01-20,4.78,5.11,4.73,4.99,3153040.0,0.0
2018-01-19,5.08,5.43,4.51,4.74,4734330.0,0.0
2018-01-18,4.52,5.76,4.46,5.13,3888860.0,0.0
2018-01-17,4.82,5.19,3.94,4.53,2515590.0,0.0
2018-01-16,5.24,5.34,4.4,4.84,3465340.0,0.0
2018-01-15,5.52,5.74,4.89,5.23,3217700.0,0.0
2018-01-14,6.06,6.1,4.91,5.55,3379230.0,0.0
2018-01-13,5.78,6.09,5.41,6.07,1687140.0,0.0
2018-01-12,5.29,6.4,4.94,5.75,1125140.0,0.0
2018-01-11,4.93,5.49,4.68,5.27,961974.0,0.0
2018-01-10,4.95,5.72,4.51,4.95,1154550.0,0.0
2018-01-09,4.77,5.81,4.64,4.97,1552540.0,0.0
2018-01-08,5.51,5.91,4.43,4.74,1398750.0,0.0
2018-01-07,5.29,6.66,5.2,5.44,1354790.0,0.0
2018-01-06,5.52,6.46,5.08,5.45,1202100.0,0.0
2018-01-05,4.57,7.31,4.57,5.48,1852540.0,0.0
2018-01-04,7.14,7.55,6.1,6.15,1201580.0,0.0
2018-01-03,5.55,7.09,5.5,7.09,1702840.0,0.0
2018-01-02,4.54,6.05,4.54,5.54,1814600.0,0.0
2018-01-01,4.11,4.73,3.95,4.53,675780.0,0.0
2017-12-31,3.84,4.24,3.72,4.08,519750.0,0.0
2017-12-30,3.78,4.17,3.72,3.88,713963.0,0.0
2017-12-29,3.82,4.43,3.71,3.76,945485.0,0.0
2017-12-28,3.86,3.92,3.52,3.79,579467.0,0.0
2017-12-27,4.33,4.33,3.74,3.87,1123050.0,0.0
2017-12-26,3.9,4.35,3.67,4.26,813451.0,0.0
2017-12-25,4.01,4.57,3.9,3.9,1310020.0,0.0
2017-12-24,4.4,4.62,3.66,4.02,1639850.0,0.0
2017-12-23,3.93,4.67,3.92,4.43,1516870.0,0.0
2017-12-22,5.14,5.2,3.45,3.85,1721410.0,0.0
2017-12-21,4.88,5.55,4.62,5.03,1804550.0,0.0
2017-12-20,5.74,7.39,4.37,4.85,2464740.0,0.0
2017-12-19,8.39,8.41,7.47,7.56,3158240.0,0.0
2017-12-18,10.56,10.56,5.79,8.35,2967030.0,0.0
2017-12-17,5.99,12.19,5.84,10.56,3035850.0,0.0
2017-12-16,5.03,6.03,4.99,5.98,755714.0,0.0
2017-12-15,4.44,5.28,4.44,5.0,972025.0,0.0
2017-12-14,4.03,4.44,3.94,4.44,582458.0,0.0
2017-12-13,4.3,4.37,3.98,4.07,692505.0,0.0
2017-12-12,3.9,4.34,3.84,4.3,838919.0,0.0
2017-12-11,3.45,3.97,3.27,3.87,735963.0,0.0
2017-12-10,3.42,3.65,3.01,3.45,923580.0,0.0
2017-12-09,3.83,3.93,3.15,3.41,866925.0,0.0
2017-12-08,3.78,3.95,3.32,3.82,924748.0,0.0
2017-12-07,3.3,3.78,3.09,3.78,463861.0,0.0
2017-12-06,2.79,3.72,2.79,3.31,708488.0,0.0
2017-12-05,2.67,2.84,2.65,2.8,496599.0,0.0
2017-12-04,2.72,2.78,2.55,2.67,643893.0,0.0
2017-12-03,2.48,2.88,2.47,2.72,511950.0,0.0
2017-12-02,2.42,2.52,2.38,2.49,463783.0,0.0
2017-12-01,2.18,2.42,2.07,2.42,530200.0,0.0
2017-11-30,2.06,2.29,1.95,2.19,340965.0,0.0
2017-11-29,2.13,2.4,1.94,2.06,412355.0,0.0
2017-11-28,2.18,2.26,2.07,2.13,504296.0,0.0
2017-11-27,2.18,2.26,2.03,2.17,391622.0,0.0
2017-11-26,2.02,2.21,2.02,2.17,799362.0,0.0
2017-11-25,1.95,2.21,1.93,2.03,589199.0,0.0
2017-11-24,2.02,2.11,1.85,1.98,787662.0,0.0
2017-11-23,2.29,2.39,2.02,2.02,321518.0,0.0
2017-11-22,1.73,2.43,1.72,2.32,853953.0,0.0
2017-11-21,1.75,1.77,1.68,1.72,295924.0,0.0
2017-11-20,1.71,1.77,1.69,1.75,287842.0,0.0
2017-11-19,1.68,1.73,1.64,1.72,255118.0,0.0
2017-11-18,1.64,1.71,1.62,1.69,187698.0,0.0
2017-11-17,1.65,1.7,1.63,1.65,271884.0,0.0
2017-11-16,1.62,1.68,1.53,1.66,386974.0,0.0
2017-11-15,1.56,1.66,1.54,1.61,178352.0,0.0
2017-11-14,1.45,1.59,1.45,1.56,372245.0,0.0
2017-11-13,1.5,1.56,1.4,1.46,390003.0,0.0
2017-11-12,1.58,1.6,1.44,1.48,278535.0,0.0
2017-11-11,1.55,1.63,1.51,1.58,500045.0,0.0
2017-11-10,1.73,1.79,1.51,1.56,507916.0,0.0
2017-11-09,1.62,1.77,1.56,1.71,506992.0,0.0
2017-11-08,1.72,1.76,1.61,1.62,603375.0,0.0
2017-11-07,1.56,1.85,1.52,1.72,599851.0,0.0
2017-11-06,1.7,1.78,1.55,1.55,504421.0,0.0
2017-11-05,1.78,1.81,1.69,1.7,338133.0,0.0
2017-11-04,1.75,1.88,1.75,1.77,567026.0,0.0
2017-11-03,1.62,1.78,1.59,1.74,642585.0,0.0
2017-11-02,1.72,1.75,1.49,1.61,701330.0,0.0
2017-11-01,1.73,1.8,1.65,1.72,486612.0,0.0
2017-10-31,1.74,1.82,1.66,1.75,714885.0,0.0
2017-10-30,1.74,1.86,1.72,1.75,666903.0,0.0
2017-10-29,1.8,1.83,1.7,1.75,571833.0,0.0
2017-10-28,1.77,1.85,1.74,1.8,353571.0,0.0
2017-10-27,1.79,1.86,1.78,1.78,283231.0,0.0
2017-10-26,1.78,1.8,1.72,1.79,215177.0,0.0
2017-10-25,1.84,1.88,1.72,1.78,185990.0,0.0
2017-10-24,1.71,1.98,1.67,1.84,391817.0,0.0
2017-10-23,1.67,1.8,1.66,1.72,437565.0,0.0
2017-10-22,1.82,1.9,1.63,1.68,568426.0,0.0
2017-10-21,1.89,1.96,1.64,1.82,662759.0,0.0
2017-10-20,2.0,2.24,1.82,1.89,869169.0,0.0
2017-10-19,2.29,2.5,1.7,2.03,1489370.0,0.0
2017-10-18,2.5,2.52,2.25,2.28,1072900.0,0.0
2017-10-17,2.57,2.63,2.36,2.5,1080100.0,0.0
2017-10-16,2.48,2.64,2.41,2.59,478468.0,0.0
2017-10-15,2.64,2.79,2.4,2.5,339115.0,0.0
2017-10-14,2.45,2.66,2.41,2.62,649276.0,0.0
2017-10-13,2.49,2.51,2.34,2.44,691607.0,0.0
2017-10-12,2.25,2.48,2.25,2.47,460146.0,0.0
2017-10-11,2.29,2.33,2.23,2.26,484819.0,0.0
2017-10-10,2.3,2.39,2.1,2.32,799158.0,0.0
2017-10-09,2.34,2.44,2.12,2.32,751712.0,0.0
2017-10-08,2.4,2.46,2.32,2.35,466671.0,0.0
2017-10-07,2.18,2.44,2.18,2.38,453749.0,0.0
2017-10-06,2.11,2.2,2.1,2.18,524678.0,0.0
2017-10-05,2.18,2.19,1.96,2.13,501729.0,0.0
2017-10-04,1.88,2.18,1.88,2.15,476292.0,0.0
2017-10-03,1.9,2.07,1.76,1.92,476488.0,0.0
2017-10-02,1.66,1.96,1.66,1.85,459394.0,0.0
